nsamples,bounces,runtime
10,26,2.327565
20,26,4.680899
30,26,7.139100
40,26,9.594833
50,26,12.079662
60,26,14.659222
70,26,17.350839
80,26,19.970062
90,26,22.505758
100,26,25.076115
